[
  {
    "keyword": "Feature",
    "name": "Pokemon GET /pokemon/{id} by id",
    "line": 2,
    "id": "pokemon-get-/pokemon/{id}-by-id",
    "tags": [
      {
        "name": "@API",
        "line": 1
      }
    ],
    "uri": "GetPokemonId.feature",
    "elements": [
      {
        "id": "pokemon-get-/pokemon/{id}-by-id;fetch-data-for-a-pokemon-using-api-and-verify-it",
        "keyword": "Scenario",
        "line": 4,
        "name": "Fetch data for a pokemon using API and verify it",
        "tags": [
          {
            "name": "@API",
            "line": 1
          },
          {
            "name": "@smoke",
            "line": 3
          },
          {
            "name": "@test",
            "line": 3
          }
        ],
        "type": "scenario",
        "steps": [
          {
            "arguments": [],
            "keyword": "Given ",
            "line": 5,
            "name": "As a user I want to execute Pokemon GET api for Pokemon \"pikachu\"",
            "result": {
              "status": "passed",
              "duration": 2472000000
            }
          },
          {
            "arguments": [],
            "keyword": "Then ",
            "line": 6,
            "name": "Verify '@get_pokemon_data' response status code is 200",
            "result": {
              "status": "passed",
              "duration": 410000000
            }
          },
          {
            "arguments": [],
            "keyword": "When ",
            "line": 7,
            "name": "I save the user id in Test Store",
            "result": {
              "status": "passed",
              "duration": 752000000
            }
          },
          {
            "arguments": [],
            "keyword": "And ",
            "line": 8,
            "name": "I make a GET request on '/pokemon/{id}' endpoint with the stored id",
            "result": {
              "status": "passed",
              "duration": 1097000000
            }
          },
          {
            "arguments": [],
            "keyword": "Then ",
            "line": 9,
            "name": "Verify '@get_pokemon_data_by_id' response status code is 200",
            "result": {
              "status": "passed",
              "duration": 22000000
            }
          },
          {
            "arguments": [],
            "keyword": "And ",
            "line": 10,
            "name": "Verify response details for Pokemon \"pikachu\"",
            "result": {
              "status": "passed",
              "duration": 239000000
            }
          }
        ]
      }
    ]
  }
]